,CustomPackageSource
microsoftazureapplicationinsightsquery,[tfm=netstandard2.0;isPrerelease=true;customSource=https://pkgs.dev.azure.com/azure-sdk/public/_packaging/azure-sdk-for-net/nuget/v3/index.json]Microsoft.Azure.ApplicationInsights.Query,1.1.0-alpha.20221011.1
azureapplicationmanagement,[isPrerelease=true]Microsoft.Azure.Management.ApplicationInsights
luisruntime,[isPrerelease=true;customSource=https://pkgs.dev.azure.com/azure-sdk/public/_packaging/azure-sdk-for-net/nuget/v3/index.json]Microsoft.Azure.CognitiveServices.Language.LUIS.Runtime,3.1.0-alpha.20221011.1
azurecosmosdbtable,[isPrerelease=true]Microsoft.Azure.Cosmos.Table
azuredevices,[isPrerelease=true]Microsoft.Azure.Devices
azuredevicesclient,[isPrerelease=true]Microsoft.Azure.Devices.Client,1.32.0-preview-001
azuredevicesshared,[isPrerelease=true]Microsoft.Azure.Devices.Shared
azuredevicesprovisioningservice,[isPrerelease=true]Microsoft.Azure.Devices.Provisioning.Service
azuredevicesprovisioningsecurity,[isPrerelease=true]Microsoft.Azure.Devices.Provisioning.Security.Tpm
azuredevicesprovisioningamqp,[isPrerelease=true]Microsoft.Azure.Devices.Provisioning.Transport.Amqp
azuredevicesprovisioninghttp,[isPrerelease=true]Microsoft.Azure.Devices.Provisioning.Transport.Http
azuredevicesprovisioningmqtt,[isPrerelease=true]Microsoft.Azure.Devices.Provisioning.Transport.Mqtt
digitaltwinparser,[isPrerelease=true]Microsoft.Azure.IoT.DigitalTwin.Model.Parser
digitaltwinmodel,[isPrerelease=true]Microsoft.Azure.IoT.DigitalTwin.Model
azurekeyvault,[isPrerelease=true]Microsoft.Azure.KeyVault,3.0.0-alpha
azureapimanagement,[isPrerelease=true]Microsoft.Azure.Management.ApiManagement
azuremgmtauthorization,[isPrerelease=true]Microsoft.Azure.Management.Authorization
azuremgmtautomation,[isPrerelease=true]Microsoft.Azure.Management.Automation
azuremgmtbackupservices,[isPrerelease=true]Microsoft.Azure.Management.BackupServices
azuremgmtbilling,[isPrerelease=true]Microsoft.Azure.Management.Billing
azmgmtdatalakeanalytics,[isPrerelease=true]Microsoft.Azure.Management.DataLake.Analytics,3.5.0-preview
azmgmtdatalakestore,[isPrerelease=true]Microsoft.Azure.Management.DataLake.Store,2.4.2-preview
datashare,[isPrerelease=true]Microsoft.Azure.Management.DataShare
identityclientpr,[isPrerelease=true]Microsoft.Identity.Client
adalnetpr,[isPrerelease=true]Microsoft.IdentityModel.Clients.ActiveDirectory,4.0.0-preview
azuremgmtblueprint,[isPrerelease=true]Microsoft.Azure.Management.Blueprint,0.10.0-preview
azurehdinsightmgmt,[isPrerelease=true]Microsoft.Azure.Management.HDInsight,3.1.0-preview
azurehybridcomputemgmt,[isPrerelease=true]Microsoft.Azure.Management.HybridCompute
advisorpreview,[isPrerelease=true]Microsoft.Azure.Management.Advisor,0.9.5-preview
azuredeploymentmanager,[isPrerelease=true]Microsoft.Azure.Management.DeploymentManager,0.9.1-preview
azuredeploymentmanager,[isPrerelease=true]Microsoft.Azure.Management.DeviceUpdate,1.0.0-beta.1
managementgroups,[isPrerelease=true]Microsoft.Azure.Management.ManagementGroups,1.1.1-preview
azuremgmtmonitor,[isPrerelease=true]Microsoft.Azure.Management.Monitor
managementnetwork,[isPrerelease=true]Microsoft.Azure.Management.Network
azuremgmtnotificationhubs,[isPrerelease=true]Microsoft.Azure.Management.NotificationHubs
azops,[isPrerelease=true]Microsoft.Azure.Management.OperationalInsights
azuremgmtpowerbiembedded,[isPrerelease=true]Microsoft.Azure.Management.PowerBIEmbedded
azuremgmtrecoveryservices,[isPrerelease=true]Microsoft.Azure.Management.RecoveryServices
azuremgmtrecoveryservicesbackup,[isPrerelease=true]Microsoft.Azure.Management.RecoveryServices.Backup
azuremgmtresourcemanager,[isPrerelease=true]Microsoft.Azure.Management.ResourceManager
azuremgmtresourcemover,[isPrerelease=true]Microsoft.Azure.Management.Migrate.ResourceMover
azuremgmtsql,[isPrerelease=true]Microsoft.Azure.Management.Sql
postgresql,[tfm=netstandard2.0;isPrerelease=true]Microsoft.Azure.Management.PostgreSQL
azuremysql,[isPrerelease=true]Microsoft.Azure.Management.MySQL
azuremgmtsynapse,[isPrerelease=true]Microsoft.Azure.Management.Synapse
workloadmonitor,[isPrerelease=true]Microsoft.Azure.Management.WorkloadMonitor
anomalydetector,[customSource=https://pkgs.dev.azure.com/azure-sdk/public/_packaging/azure-sdk-for-net/nuget/v3/index.json]Microsoft.Azure.CognitiveServices.AnomalyDetector,1.1.0-alpha.20221011.1
cogservicespersonalizer,[isPrerelease=true;customSource=https://pkgs.dev.azure.com/azure-sdk/public/_packaging/azure-sdk-for-net/nuget/v3/index.json]Microsoft.Azure.CognitiveServices.Personalizer,1.0.0-alpha.20221011.1
microsoftazurecognitiveservicesvisionface,[tfm=netstandard2.0;isPrerelease=true;customSource=https://pkgs.dev.azure.com/azure-sdk/public/_packaging/azure-sdk-for-net/nuget/v3/index.json]Microsoft.Azure.CognitiveServices.Vision.Face,2.7.0-alpha.20221011.1
cognitiveservicesformrecognizer,[isPrerelease=true]Microsoft.Azure.CognitiveServices.FormRecognizer
customvisiontraining,[isPrerelease=true;customSource=https://pkgs.dev.azure.com/azure-sdk/public/_packaging/azure-sdk-for-net/nuget/v3/index.json]Microsoft.Azure.CognitiveServices.Vision.CustomVision.Training,2.1.0-alpha.20221011.1
resourcegraph,[isPrerelease=true]Microsoft.Azure.Management.ResourceGraph,0.10.0-preview
edgegateway,[isPrerelease=true]Microsoft.Azure.Management.EdgeGateway
azuremgmtstorage,[isPrerelease=true]Microsoft.Azure.Management.Storage
StorageSyncManagement,[isPrerelease=true]Microsoft.Azure.Management.StorageSync
azurestorsimple,[isPrerelease=true]Microsoft.WindowsAzure.Management.StorSimple
azuremgmtstorsimplefluent,[isPrerelease=true]Microsoft.Azure.Management.StorSimple.Fluent
azopscl,[isPrerelease=true;customSource=https://pkgs.dev.azure.com/azure-sdk/public/_packaging/azure-sdk-for-net/nuget/v3/index.json]Microsoft.Azure.OperationalInsights,1.2.0-alpha.20221011.1
featuremanagement,[isPrerelease=true]Microsoft.FeatureManagement
featuremanagementasp,[isPrerelease=true]Microsoft.FeatureManagement.AspNetCore
privatedns,[isPrerelease=true]Microsoft.Azure.Management.PrivateDns
recoverybackup,[isPrerelease=true]Microsoft.Azure.Management.RecoveryServices.Backup
livevideoanalytics,[isPrerelease=true]Microsoft.Azure.Media.LiveVideoAnalytics.Edge
azureapplicationmodelconfig,[isPrerelease=true]Azure.ApplicationModel.Configuration
azcosmos,[isPrerelease=true]Azure.Cosmos,4.0.0-preview3
azuresynapse,[isPrerelease=true]Microsoft.Azure.Synapse
azuremgmteventgrid,[isPrerelease=true]Microsoft.Azure.Management.EventGrid,7.1.0-preview
azurecoreexperimental,[tfm=netstandard2.0;isPrerelease=true;customSource=https://pkgs.dev.azure.com/azure-sdk/public/_packaging/azure-sdk-for-net/nuget/v3/index.json]Azure.Core.Experimental,0.1.0-alpha.20221011.1
azureresourcemanagerappconfiguration,[tfm=netstandard2.0;isPrerelease=true]Azure.ResourceManager.AppConfiguration,1.0.0-beta.5
azureresourcemanagercompute,[tfm=netstandard2.0;isPrerelease=true;customSource=https://pkgs.dev.azure.com/azure-sdk/public/_packaging/azure-sdk-for-net/nuget/v3/index.json]Azure.ResourceManager.Compute,1.1.0-alpha.20221011.1
azureresourcemanagereventhubs,[tfm=netstandard2.0;isPrerelease=true;customSource=https://pkgs.dev.azure.com/azure-sdk/public/_packaging/azure-sdk-for-net/nuget/v3/index.json]Azure.ResourceManager.EventHubs,1.1.0-alpha.20221011.1
azureresourcemanagerkeyvault,[tfm=netstandard2.0;isPrerelease=true;customSource=https://pkgs.dev.azure.com/azure-sdk/public/_packaging/azure-sdk-for-net/nuget/v3/index.json]Azure.ResourceManager.KeyVault,1.1.0-alpha.20221011.1
azureresourcemanagernetwork,[tfm=netstandard2.0;isPrerelease=true;customSource=https://pkgs.dev.azure.com/azure-sdk/public/_packaging/azure-sdk-for-net/nuget/v3/index.json]Azure.ResourceManager.Network,1.1.0-alpha.20221011.1
azureresourcemanagerresources,[tfm=netstandard2.0;isPrerelease=true;customSource=https://pkgs.dev.azure.com/azure-sdk/public/_packaging/azure-sdk-for-net/nuget/v3/index.json]Azure.ResourceManager.Resources,1.4.0-alpha.20221011.1
azureresourcemanagerstorage,[tfm=netstandard2.0;isPrerelease=true;customSource=https://pkgs.dev.azure.com/azure-sdk/public/_packaging/azure-sdk-for-net/nuget/v3/index.json]Azure.ResourceManager.Storage,1.1.0-alpha.20221010.1
microsoftazurecorenewtonsoftjson,[tfm=netstandard2.0;isPrerelease=true;customSource=https://pkgs.dev.azure.com/azure-sdk/public/_packaging/azure-sdk-for-net/nuget/v3/index.json]Microsoft.Azure.Core.NewtonsoftJson,1.1.0-alpha.20221011.1
azurestorageblobschangefeed,[tfm=netstandard2.0;isPrerelease=true]Azure.Storage.Blobs.ChangeFeed,12.0.0-preview.28
microsoftazurehdinsightjob,[tfm=netstandard2.0;isPrerelease=true;customSource=https://pkgs.dev.azure.com/azure-sdk/public/_packaging/azure-sdk-for-net/nuget/v3/index.json]Microsoft.Azure.HDInsight.Job,3.0.0-alpha.20221011.1
azureanalyticssynapseartifacts,[tfm=netstandard2.0;isPrerelease=true;customSource=https://pkgs.dev.azure.com/azure-sdk/public/_packaging/azure-sdk-for-net/nuget/v3/index.json]Azure.Analytics.Synapse.Artifacts,1.0.0-alpha.20221010.1
azureaianomalydetector,[tfm=netstandard2.0;isPrerelease=true;customSource=https://pkgs.dev.azure.com/azure-sdk/public/_packaging/azure-sdk-for-net/nuget/v3/index.json]Azure.AI.AnomalyDetector,3.0.0-alpha.20221011.1
azuredataschemaregistry,[tfm=netstandard2.0;isPrerelease=true]Azure.Data.SchemaRegistry,1.0.0-beta.4
microsoftazuredataschemaregistryapacheavro,[tfm=netstandard2.0;isPrerelease=true]Microsoft.Azure.Data.SchemaRegistry.ApacheAvro,1.0.0-beta.8
azureanalyticssynapseaccesscontrol,[tfm=netstandard2.0;isPrerelease=true;customSource=https://pkgs.dev.azure.com/azure-sdk/public/_packaging/azure-sdk-for-net/nuget/v3/index.json]Azure.Analytics.Synapse.AccessControl,1.0.0-alpha.20221010.1
azureanalyticssynapsespark,[tfm=netstandard2.0;isPrerelease=true;customSource=https://pkgs.dev.azure.com/azure-sdk/public/_packaging/azure-sdk-for-net/nuget/v3/index.json]Azure.Analytics.Synapse.Spark,1.0.0-alpha.20221010.1
azurecommunicationadministration,[tfm=netstandard2.0;isPrerelease=true]Azure.Communication.Administration
azureresourcemanagercosmosdb,[tfm=netstandard2.0;isPrerelease=true;customSource=https://pkgs.dev.azure.com/azure-sdk/public/_packaging/azure-sdk-for-net/nuget/v3/index.json]Azure.ResourceManager.CosmosDB,1.1.0-alpha.20221011.1
azureresourcemanagerdns,[tfm=netstandard2.0;isPrerelease=true;customSource=https://pkgs.dev.azure.com/azure-sdk/public/_packaging/azure-sdk-for-net/nuget/v3/index.json]Azure.ResourceManager.Dns,1.0.0-alpha.20221011.1
azureresourcemanagerinsights,[tfm=netstandard2.0;isPrerelease=true]Azure.ResourceManager.Insights,1.0.0-preview.1
microsoftazurecorespatial,[tfm=netstandard2.0;isPrerelease=true;customSource=https://pkgs.dev.azure.com/azure-sdk/public/_packaging/azure-sdk-for-net/nuget/v3/index.json]Microsoft.Azure.Core.Spatial,1.2.0-alpha.20221011.1
microsoftazurecorespatialnewtonsoftjson,[tfm=netstandard2.0;isPrerelease=true;customSource=https://pkgs.dev.azure.com/azure-sdk/public/_packaging/azure-sdk-for-net/nuget/v3/index.json]Microsoft.Azure.Core.Spatial.NewtonsoftJson,1.1.0-alpha.20221011.1
microsoftazurecognitiveservicesknowledgeqnamaker,[tfm=netstandard2.0;isPrerelease=true;customSource=https://pkgs.dev.azure.com/azure-sdk/public/_packaging/azure-sdk-for-net/nuget/v3/index.json]Microsoft.Azure.CognitiveServices.Knowledge.QnAMaker,3.0.0-alpha.20221011.1
azureanalyticssynapsemonitoring,[tfm=netstandard2.0;isPrerelease=true;customSource=https://pkgs.dev.azure.com/azure-sdk/public/_packaging/azure-sdk-for-net/nuget/v3/index.json]Azure.Analytics.Synapse.Monitoring,1.0.0-alpha.20221010.1
microsoftopentelemetryexporterazuremonitor,[tfm=netstandard2.0;isPrerelease=true]Microsoft.OpenTelemetry.Exporter.AzureMonitor
azureanalyticssynapsemanagedprivateendpoints,[tfm=netstandard2.0;isPrerelease=true;customSource=https://pkgs.dev.azure.com/azure-sdk/public/_packaging/azure-sdk-for-net/nuget/v3/index.json]Azure.Analytics.Synapse.ManagedPrivateEndpoints,1.0.0-alpha.20221010.1
azuremediaanalyticsedge,[tfm=netstandard2.0;isPrerelease=true]Azure.Media.Analytics.Edge,1.0.0-beta.1
microsoftazuremgmtcompute,[isPrerelease=true]Microsoft.Azure.Management.Compute
microsoftazurecontainerregistry,[tfm=netstandard2.0;isPrerelease=true]Microsoft.Azure.ContainerRegistry
azurequantumjobs,[tfm=netstandard2.0;isPrerelease=true]Azure.Quantum.Jobs,1.0.0-beta.3
microsoftazurecognitiveserviceslanguageluisauthoring,[tfm=netstandard2.0;isPrerelease=true;customSource=https://pkgs.dev.azure.com/azure-sdk/public/_packaging/azure-sdk-for-net/nuget/v3/index.json]Microsoft.Azure.CognitiveServices.Language.LUIS.Authoring,3.2.0-alpha.20221011.1
azuremixedrealityobjectanchorsconversion,[tfm=netstandard2.0;isPrerelease=true;customSource=https://pkgs.dev.azure.com/azure-sdk/public/_packaging/azure-sdk-for-net/nuget/v3/index.json]Azure.MixedReality.ObjectAnchors.Conversion,0.3.0-alpha.20221011.1
azuremonitoropentelemetryexporter,[tfm=netstandard2.0;isPrerelease=true;customSource=https://pkgs.dev.azure.com/azure-sdk/public/_packaging/azure-sdk-for-net/nuget/v3/index.json]Azure.Monitor.OpenTelemetry.Exporter,1.0.0-alpha.20221011.1
azureiotdeviceupdate,[tfm=netstandard2.0;isPrerelease=true;customSource=https://pkgs.dev.azure.com/azure-sdk/public/_packaging/azure-sdk-for-net/nuget/v3/index.json]Azure.IoT.DeviceUpdate,1.1.0-alpha.20221011.1
azureiotmodelsrepository,[tfm=netstandard2.0;isPrerelease=true;customSource=https://pkgs.dev.azure.com/azure-sdk/public/_packaging/azure-sdk-for-net/nuget/v3/index.json]Azure.IoT.ModelsRepository,1.0.0-alpha.20221010.1
azuremgtpurview,[tfm=netstandard2.0;isPrerelease=true]Microsoft.Azure.Management.Purview
azurepurviewscanning,[tfm=netstandard2.0;isPrerelease=true;customSource=https://pkgs.dev.azure.com/azure-sdk/public/_packaging/azure-sdk-for-net/nuget/v3/index.json]Azure.Analytics.Purview.Scanning,1.0.0-alpha.20221011.1
microsoftazurewebjobsextensionseventgrid,[tfm=netstandard2.0;isPrerelease=true;customSource=https://pkgs.dev.azure.com/azure-sdk/public/_packaging/azure-sdk-for-net/nuget/v3/index.json]Microsoft.Azure.WebJobs.Extensions.EventGrid,3.3.0-alpha.20221011.1
azuretemplate,[tfm=netstandard2.0;isPrerelease=true]Azure.Template,1.0.3-beta.1907629
azureaitranslationdocument,[tfm=netstandard2.0;isPrerelease=true;customSource=https://pkgs.dev.azure.com/azure-sdk/public/_packaging/azure-sdk-for-net/nuget/v3/index.json]Azure.AI.Translation.Document,1.1.0-alpha.20221011.1
azurecontainerscontainerregistry,[tfm=netstandard2.0;isPrerelease=true;customSource=https://pkgs.dev.azure.com/azure-sdk/public/_packaging/azure-sdk-for-net/nuget/v3/index.json]Azure.Containers.ContainerRegistry,1.1.0-alpha.20221011.1
azureanalyticspurviewcatalog,[tfm=netstandard2.0;isPrerelease=true;customSource=https://pkgs.dev.azure.com/azure-sdk/public/_packaging/azure-sdk-for-net/nuget/v3/index.json]Azure.Analytics.Purview.Catalog,1.0.0-alpha.20221011.1
azuremgtvideoanalyzer,[tfm=netstandard2.0;isPrerelease=true]Microsoft.Azure.Management.VideoAnalyzer
azurecommunicationnetworktraversal,[tfm=netstandard2.0;isPrerelease=true;customSource=https://pkgs.dev.azure.com/azure-sdk/public/_packaging/azure-sdk-for-net/nuget/v3/index.json]Azure.Communication.NetworkTraversal,1.1.0-alpha.20221011.4
azuremediavideoanalyzeredge,[tfm=netstandard2.0;isPrerelease=true;customSource=https://pkgs.dev.azure.com/azure-sdk/public/_packaging/azure-sdk-for-net/nuget/v3/index.json]Azure.Media.VideoAnalyzer.Edge,1.0.0-alpha.20221011.1
azureverticalsagrifoodfarming,[tfm=netstandard2.0;isPrerelease=true;customSource=https://pkgs.dev.azure.com/azure-sdk/public/_packaging/azure-sdk-for-net/nuget/v3/index.json]Azure.Verticals.AgriFood.Farming,1.0.0-alpha.20221010.1
microsoftazurewebjobsextensionswebpubsub,[tfm=netstandard2.0;isPrerelease=true]Microsoft.Azure.WebJobs.Extensions.WebPubSub,1.0.0-beta.4
azuresecurityconfidentialledger,[tfm=netstandard2.0;isPrerelease=true;customSource=https://pkgs.dev.azure.com/azure-sdk/public/_packaging/azure-sdk-for-net/nuget/v3/index.json]Azure.Security.ConfidentialLedger,1.1.0-alpha.20221010.1
azurecommunicationcallingserver,[tfm=netstandard2.0;isPrerelease=true;customSource=https://pkgs.dev.azure.com/azure-sdk/public/_packaging/azure-sdk-for-net/nuget/v3/index.json]Azure.Communication.CallingServer,1.0.0-alpha.20221011.4
azuresearchdocuments,[tfm=netstandard2.0;isPrerelease=true;customSource=https://pkgs.dev.azure.com/azure-sdk/public/_packaging/azure-sdk-for-net/nuget/v3/index.json]Azure.Search.Documents,11.5.0-alpha.20221011.3
azureailanguagequestionanswering,[tfm=netstandard2.0;isPrerelease=true;customSource=https://pkgs.dev.azure.com/azure-sdk/public/_packaging/azure-sdk-for-net/nuget/v3/index.json]Azure.AI.Language.QuestionAnswering,1.1.0-alpha.20221011.1
azuredigitaltwinscore,[tfm=netstandard2.0;isPrerelease=true;customSource=https://pkgs.dev.azure.com/azure-sdk/public/_packaging/azure-sdk-for-net/nuget/v3/index.json]Azure.DigitalTwins.Core,1.5.0-alpha.20221011.1
azureaitextanalytics,[tfm=netstandard2.0;isPrerelease=true]Azure.AI.TextAnalytics,5.2.0-beta.4
azuresecuritykeyvaultadministration,[tfm=netstandard2.0;isPrerelease=true;customSource=https://pkgs.dev.azure.com/azure-sdk/public/_packaging/azure-sdk-for-net/nuget/v3/index.json]Azure.Security.KeyVault.Administration,4.3.0-alpha.20221011.1
azuresecuritykeyvaultcertificates,[tfm=netstandard2.0;isPrerelease=true;customSource=https://pkgs.dev.azure.com/azure-sdk/public/_packaging/azure-sdk-for-net/nuget/v3/index.json]Azure.Security.KeyVault.Certificates,4.5.0-alpha.20221011.1
azuresecuritykeyvaultkeys,[tfm=netstandard2.0;isPrerelease=true;customSource=https://pkgs.dev.azure.com/azure-sdk/public/_packaging/azure-sdk-for-net/nuget/v3/index.json]Azure.Security.KeyVault.Keys,4.5.0-alpha.20221011.1
azuresecuritykeyvaultsecrets,[tfm=netstandard2.0;isPrerelease=true;customSource=https://pkgs.dev.azure.com/azure-sdk/public/_packaging/azure-sdk-for-net/nuget/v3/index.json]Azure.Security.KeyVault.Secrets,4.5.0-alpha.20221011.1
azureanalyticspurviewaccount,[tfm=netstandard2.0;isPrerelease=true;customSource=https://pkgs.dev.azure.com/azure-sdk/public/_packaging/azure-sdk-for-net/nuget/v3/index.json]Azure.Analytics.Purview.Account,1.0.0-alpha.20221011.1
azureresourcemanager,[tfm=netstandard2.0;isPrerelease=true;customSource=https://pkgs.dev.azure.com/azure-sdk/public/_packaging/azure-sdk-for-net/nuget/v3/index.json]Azure.ResourceManager,1.4.0-alpha.20221011.3
azuremessagingservicebus,[tfm=netstandard2.0;isPrerelease=true]Azure.Messaging.ServiceBus,7.11.0-beta.1
azureaiformrecognizer,[tfm=netstandard2.0;isPrerelease=true;customSource=https://pkgs.dev.azure.com/azure-sdk/public/_packaging/azure-sdk-for-net/nuget/v3/index.json]Azure.AI.FormRecognizer,4.1.0-alpha.20221010.1
azureaipersonalizer,[tfm=netstandard2.0;isPrerelease=true;customSource=https://pkgs.dev.azure.com/azure-sdk/public/_packaging/azure-sdk-for-net/nuget/v3/index.json]Azure.AI.Personalizer,2.0.0-alpha.20221011.1
azureanalyticspurviewadministration,[tfm=netstandard2.0;isPrerelease=true;customSource=https://pkgs.dev.azure.com/azure-sdk/public/_packaging/azure-sdk-for-net/nuget/v3/index.json]Azure.Analytics.Purview.Administration,1.0.0-alpha.20221011.1
microsoftazurewebpubsubcommon,[tfm=netstandard2.0;isPrerelease=true]Microsoft.Azure.WebPubSub.Common,1.0.0-beta.1
azurecommunicationidentity,[tfm=netstandard2.0;isPrerelease=true;customSource=https://pkgs.dev.azure.com/azure-sdk/public/_packaging/azure-sdk-for-net/nuget/v3/index.json]Azure.Communication.Identity,1.3.0-alpha.20221011.4
azureailanguageconversations,[tfm=netstandard2.0;isPrerelease=true;customSource=https://pkgs.dev.azure.com/azure-sdk/public/_packaging/azure-sdk-for-net/nuget/v3/index.json]Azure.AI.Language.Conversations,1.1.0-alpha.20221011.1
azurestorageblobs,[tfm=netstandard2.0;isPrerelease=true]Azure.Storage.Blobs,12.14.0-beta.1
azurestorageblobsbatch,[tfm=netstandard2.0;isPrerelease=true]Azure.Storage.Blobs.Batch,12.11.0-beta.1
azurestoragecommon,[tfm=netstandard2.0;isPrerelease=true]Azure.Storage.Common,12.13.0-beta.1
azurestoragefilesdatalake,[tfm=netstandard2.0;isPrerelease=true]Azure.Storage.Files.DataLake,12.12.0-beta.1
azurestoragefilesshares,[tfm=netstandard2.0;isPrerelease=true]Azure.Storage.Files.Shares,12.12.0-beta.1
azurestoragequeues,[tfm=netstandard2.0;isPrerelease=true]Azure.Storage.Queues,12.12.0-beta.1
azuremessagingeventhubs,[tfm=netstandard2.0;isPrerelease=true;customSource=https://pkgs.dev.azure.com/azure-sdk/public/_packaging/azure-sdk-for-net/nuget/v3/index.json]Azure.Messaging.EventHubs,5.8.0-alpha.20221011.5
azuremessagingeventhubsprocessor,[tfm=netstandard2.0;isPrerelease=true;customSource=https://pkgs.dev.azure.com/azure-sdk/public/_packaging/azure-sdk-for-net/nuget/v3/index.json]Azure.Messaging.EventHubs.Processor,5.7.3-alpha.20221011.5
azuremessagingeventhubsprocessor,[tfm=netstandard2.0;isPrerelease=true]Microsoft.Azure.Management.Chaos,0.9.15-preview
microsoftazurewebpubsubaspnetcore,[tfm=netstandard2.0;isPrerelease=true]Microsoft.Azure.WebPubSub.AspNetCore,1.0.0-beta.3
azureresourcemanagerdeviceupdate,[tfm=netstandard2.0;isPrerelease=true;customSource=https://pkgs.dev.azure.com/azure-sdk/public/_packaging/azure-sdk-for-net/nuget/v3/index.json]Azure.ResourceManager.DeviceUpdate,1.0.0-alpha.20221010.1
azureresourcemanageredgeorder,[tfm=netstandard2.0;isPrerelease=true;customSource=https://pkgs.dev.azure.com/azure-sdk/public/_packaging/azure-sdk-for-net/nuget/v3/index.json]Azure.ResourceManager.EdgeOrder,1.1.0-alpha.20221011.1
azureresourcemanagerservicebus,[tfm=netstandard2.0;isPrerelease=true]Azure.ResourceManager.ServiceBus,1.0.0-beta.4
azureresourcemanagercdn,[tfm=netstandard2.0;isPrerelease=true;customSource=https://pkgs.dev.azure.com/azure-sdk/public/_packaging/azure-sdk-for-net/nuget/v3/index.json]Azure.ResourceManager.Cdn,1.1.0-alpha.20221011.1
azureresourcemanagerwebpubsub,[tfm=netstandard2.0;isPrerelease=true;customSource=https://pkgs.dev.azure.com/azure-sdk/public/_packaging/azure-sdk-for-net/nuget/v3/index.json]Azure.ResourceManager.WebPubSub,1.1.0-alpha.20221010.1
azureresourcemanagersql,[tfm=netstandard2.0;isPrerelease=true]Azure.ResourceManager.Sql,1.0.0-beta.5
microsoftazurewebjobsextensionssignalrservice,[tfm=netstandard2.0;isPrerelease=true;customSource=https://pkgs.dev.azure.com/azure-sdk/public/_packaging/azure-sdk-for-net/nuget/v3/index.json]Microsoft.Azure.WebJobs.Extensions.SignalRService,1.9.0-alpha.20221010.1
azureresourcemanagercommunication,[tfm=netstandard2.0;isPrerelease=true;customSource=https://pkgs.dev.azure.com/azure-sdk/public/_packaging/azure-sdk-for-net/nuget/v3/index.json]Azure.ResourceManager.Communication,1.1.0-alpha.20221010.1
azureresourcemanagerconnectedvmwarevsphere,[tfm=netstandard2.0;isPrerelease=true]Azure.ResourceManager.ConnectedVMwarevSphere,1.0.0-beta.5
microsoftazurewebjobsextensionstables,[tfm=netstandard2.0;isPrerelease=true;customSource=https://pkgs.dev.azure.com/azure-sdk/public/_packaging/azure-sdk-for-net/nuget/v3/index.json]Microsoft.Azure.WebJobs.Extensions.Tables,1.1.0-alpha.20221011.1
azurecommunicationphonenumbers,[tfm=netstandard2.0;isPrerelease=true;customSource=https://pkgs.dev.azure.com/azure-sdk/public/_packaging/azure-sdk-for-net/nuget/v3/index.json]Azure.Communication.PhoneNumbers,1.1.0-alpha.20221011.4
azureresourcemanagerstoragepool,[tfm=netstandard2.0;isPrerelease=true;customSource=https://pkgs.dev.azure.com/azure-sdk/public/_packaging/azure-sdk-for-net/nuget/v3/index.json]Azure.ResourceManager.StoragePool,1.1.0-alpha.20221010.1
azureidentity,[tfm=netstandard2.0;isPrerelease=true;customSource=https://pkgs.dev.azure.com/azure-sdk/public/_packaging/azure-sdk-for-net/nuget/v3/index.json]Azure.Identity,1.8.0-alpha.20221011.1
azureidentitybrokeredauthentication,[tfm=netstandard2.0;isPrerelease=true;customSource=https://pkgs.dev.azure.com/azure-sdk/public/_packaging/azure-sdk-for-net/nuget/v3/index.json]Azure.Identity.BrokeredAuthentication,1.0.0-alpha.20221011.1
azureresourcemanagerhci,[tfm=netstandard2.0;isPrerelease=true;customSource=https://pkgs.dev.azure.com/azure-sdk/public/_packaging/azure-sdk-for-net/nuget/v3/index.json]Azure.ResourceManager.Hci,1.1.0-alpha.20221010.1
azureresourcemanagerdnsresolver,[tfm=netstandard2.0;isPrerelease=true;customSource=https://pkgs.dev.azure.com/azure-sdk/public/_packaging/azure-sdk-for-net/nuget/v3/index.json]Azure.ResourceManager.DnsResolver,1.1.0-alpha.20221011.1
azureresourcemanagermonitor,[tfm=netstandard2.0;isPrerelease=true;customSource=https://pkgs.dev.azure.com/azure-sdk/public/_packaging/azure-sdk-for-net/nuget/v3/index.json]Azure.ResourceManager.Monitor,1.1.0-alpha.20221010.1
azureresourcemanagerextendedlocation,[tfm=netstandard2.0;isPrerelease=true]Azure.ResourceManager.ExtendedLocation,1.0.0-beta.2
azureresourcemanagerappservice,[tfm=netstandard2.0;isPrerelease=true;customSource=https://pkgs.dev.azure.com/azure-sdk/public/_packaging/azure-sdk-for-net/nuget/v3/index.json]Azure.ResourceManager.AppService,1.1.0-alpha.20221010.1
azuremanagedserviceidentity,[tfm=netstandard2.0;isPrerelease=true]Microsoft.Azure.Management.ManagedServiceIdentity,3.0.0-beta.1
azuremessagingeventgrid,[tfm=netstandard2.0;isPrerelease=true;customSource=https://pkgs.dev.azure.com/azure-sdk/public/_packaging/azure-sdk-for-net/nuget/v3/index.json]Azure.Messaging.EventGrid,4.12.0-alpha.20221011.1
azureresourcemanagergrafana,[tfm=netstandard2.0;isPrerelease=true;customSource=https://pkgs.dev.azure.com/azure-sdk/public/_packaging/azure-sdk-for-net/nuget/v3/index.json]Azure.ResourceManager.Grafana,1.1.0-alpha.20221010.1
azuredatatables,[tfm=netstandard2.0;isPrerelease=true;customSource=https://pkgs.dev.azure.com/azure-sdk/public/_packaging/azure-sdk-for-net/nuget/v3/index.json]Azure.Data.Tables,12.7.0-alpha.20221011.1
azureresourcemanagerservicelinker,[tfm=netstandard2.0;isPrerelease=true;customSource=https://pkgs.dev.azure.com/azure-sdk/public/_packaging/azure-sdk-for-net/nuget/v3/index.json]Azure.ResourceManager.ServiceLinker,1.1.0-alpha.20221011.1
azurecommunicationemail,[tfm=netstandard2.0;isPrerelease=true;customSource=https://pkgs.dev.azure.com/azure-sdk/public/_packaging/azure-sdk-for-net/nuget/v3/index.json]Azure.Communication.Email,1.0.0-alpha.20221011.4
azureresourcemanagermachinelearning,[tfm=netstandard2.0;isPrerelease=true;customSource=https://pkgs.dev.azure.com/azure-sdk/public/_packaging/azure-sdk-for-net/nuget/v3/index.json]Azure.ResourceManager.MachineLearning,1.0.0-alpha.20221010.1
azureresourcemanagerapplicationscontainers,[tfm=netstandard2.0;isPrerelease=true]Azure.ResourceManager.Applications.Containers,1.0.0-beta.1
azureresourcemanagerdynatrace,[tfm=netstandard2.0;isPrerelease=true;customSource=https://pkgs.dev.azure.com/azure-sdk/public/_packaging/azure-sdk-for-net/nuget/v3/index.json]Azure.ResourceManager.Dynatrace,1.0.0-alpha.20221011.1
azureresourcemanageriotcentral,[tfm=netstandard2.0;isPrerelease=true;customSource=https://pkgs.dev.azure.com/azure-sdk/public/_packaging/azure-sdk-for-net/nuget/v3/index.json]Azure.ResourceManager.IotCentral,1.1.0-alpha.20221011.1
azureresourcemanagerrelay,[tfm=netstandard2.0;isPrerelease=true;customSource=https://pkgs.dev.azure.com/azure-sdk/public/_packaging/azure-sdk-for-net/nuget/v3/index.json]Azure.ResourceManager.Relay,1.1.0-alpha.20221011.1
azureresourcemanagermanagedserviceidentities,[tfm=netstandard2.0;isPrerelease=true;customSource=https://pkgs.dev.azure.com/azure-sdk/public/_packaging/azure-sdk-for-net/nuget/v3/index.json]Azure.ResourceManager.ManagedServiceIdentities,1.1.0-alpha.20221011.1
azureresourcemanagerworkloads,[tfm=netstandard2.0;isPrerelease=true;customSource=https://pkgs.dev.azure.com/azure-sdk/public/_packaging/azure-sdk-for-net/nuget/v3/index.json]Azure.ResourceManager.Workloads,1.0.0-alpha.20221011.1
azureresourcemanagerdesktopvirtualization,[tfm=netstandard2.0;isPrerelease=true]Azure.ResourceManager.DesktopVirtualization,1.0.0-beta.1
azuremonitoringestion,[tfm=netstandard2.0;isPrerelease=true;customSource=https://pkgs.dev.azure.com/azure-sdk/public/_packaging/azure-sdk-for-net/nuget/v3/index.json]Azure.Monitor.Ingestion,1.0.0-alpha.20221011.1
azureresourcemanageralertsmanagement,[tfm=netstandard2.0;isPrerelease=true;customSource=https://pkgs.dev.azure.com/azure-sdk/public/_packaging/azure-sdk-for-net/nuget/v3/index.json]Azure.ResourceManager.AlertsManagement,1.1.0-alpha.20221011.1
azureresourcemanagerhdinsight,[tfm=netstandard2.0;isPrerelease=true]Azure.ResourceManager.HDInsight,1.0.0-beta.2
azureresourcemanagercontainerregistry,[tfm=netstandard2.0;isPrerelease=true;customSource=https://pkgs.dev.azure.com/azure-sdk/public/_packaging/azure-sdk-for-net/nuget/v3/index.json]Azure.ResourceManager.ContainerRegistry,1.1.0-alpha.20221011.1
azureresourcemanagerextendedlocations,[tfm=netstandard2.0;isPrerelease=true;customSource=https://pkgs.dev.azure.com/azure-sdk/public/_packaging/azure-sdk-for-net/nuget/v3/index.json]Azure.ResourceManager.ExtendedLocations,1.1.0-alpha.20221011.1
azureresourcemanagerappcontainers,[tfm=netstandard2.0;isPrerelease=true;customSource=https://pkgs.dev.azure.com/azure-sdk/public/_packaging/azure-sdk-for-net/nuget/v3/index.json]Azure.ResourceManager.AppContainers,1.0.0-alpha.20221011.1
azureresourcemanagerlogic,[tfm=netstandard2.0;isPrerelease=true]Azure.ResourceManager.Logic,1.0.0-beta.2
azureresourcemanagercognitiveservices,[tfm=netstandard2.0;isPrerelease=true]Azure.ResourceManager.CognitiveServices,1.0.0-beta.1
azureresourcemanagercontainerinstance,[tfm=netstandard2.0;isPrerelease=true;customSource=https://pkgs.dev.azure.com/azure-sdk/public/_packaging/azure-sdk-for-net/nuget/v3/index.json]Azure.ResourceManager.ContainerInstance,1.1.0-alpha.20221011.1
azureresourcemanagermysql,[tfm=netstandard2.0;isPrerelease=true;customSource=https://pkgs.dev.azure.com/azure-sdk/public/_packaging/azure-sdk-for-net/nuget/v3/index.json]Azure.ResourceManager.MySql,1.1.0-alpha.20221010.1
azureresourcemanagerreservations,[tfm=netstandard2.0;isPrerelease=true]Azure.ResourceManager.Reservations,1.0.0-beta.2
azureresourcemanagermigrate,[tfm=netstandard2.0;isPrerelease=true]Azure.ResourceManager.Migrate,1.0.0-beta.1
azureresourcemanagerauthorization,[tfm=netstandard2.0;isPrerelease=true;customSource=https://pkgs.dev.azure.com/azure-sdk/public/_packaging/azure-sdk-for-net/nuget/v3/index.json]Azure.ResourceManager.Authorization,1.1.0-alpha.20221011.1
azureresourcemanagerdatafactory,[tfm=netstandard2.0;isPrerelease=true]Azure.ResourceManager.DataFactory,1.0.0-beta.2
azureresourcemanagercontainerservice,[tfm=netstandard2.0;isPrerelease=true]Azure.ResourceManager.ContainerService,1.0.0-beta.2
azureresourcemanagernotificationhubs,[tfm=netstandard2.0;isPrerelease=true;customSource=https://pkgs.dev.azure.com/azure-sdk/public/_packaging/azure-sdk-for-net/nuget/v3/index.json]Azure.ResourceManager.NotificationHubs,1.1.0-alpha.20221010.1
azureresourcemanagerapimanagement,[tfm=netstandard2.0;isPrerelease=true;customSource=https://pkgs.dev.azure.com/azure-sdk/public/_packaging/azure-sdk-for-net/nuget/v3/index.json]Azure.ResourceManager.ApiManagement,1.1.0-alpha.20221011.1
azureresourcemanagerredisenterprisecache,[tfm=netstandard2.0;isPrerelease=true]Azure.ResourceManager.RedisEnterpriseCache,1.0.0-beta.1
azureresourcemanagerpostgresql,[tfm=netstandard2.0;isPrerelease=true;customSource=https://pkgs.dev.azure.com/azure-sdk/public/_packaging/azure-sdk-for-net/nuget/v3/index.json]Azure.ResourceManager.PostgreSql,1.1.0-alpha.20221010.1
azureresourcemanagerstreamanalytics,[tfm=netstandard2.0;isPrerelease=true;customSource=https://pkgs.dev.azure.com/azure-sdk/public/_packaging/azure-sdk-for-net/nuget/v3/index.json]Azure.ResourceManager.StreamAnalytics,1.2.0-alpha.20221011.1
azureresourcemanagermedia,[tfm=netstandard2.0;isPrerelease=true;customSource=https://pkgs.dev.azure.com/azure-sdk/public/_packaging/azure-sdk-for-net/nuget/v3/index.json]Azure.ResourceManager.Media,1.1.0-alpha.20221011.1
azureresourcemanagerarcscvmm,[tfm=netstandard2.0;isPrerelease=true;customSource=https://pkgs.dev.azure.com/azure-sdk/public/_packaging/azure-sdk-for-net/nuget/v3/index.json]Azure.ResourceManager.ArcScVmm,1.0.0-alpha.20221010.1
azureresourcemanagerservicefabric,[tfm=netstandard2.0;isPrerelease=true]Azure.ResourceManager.ServiceFabric,1.0.0-beta.2
azureresourcemanagerfluidrelay,[tfm=netstandard2.0;isPrerelease=true]Azure.ResourceManager.FluidRelay,1.0.0-beta.1
azureresourcemanagerconfidentialledger,[tfm=netstandard2.0;isPrerelease=true;customSource=https://pkgs.dev.azure.com/azure-sdk/public/_packaging/azure-sdk-for-net/nuget/v3/index.json]Azure.ResourceManager.ConfidentialLedger,1.1.0-alpha.20221010.1
azureresourcemanagersqlvirtualmachine,[tfm=netstandard2.0;isPrerelease=true;customSource=https://pkgs.dev.azure.com/azure-sdk/public/_packaging/azure-sdk-for-net/nuget/v3/index.json]Azure.ResourceManager.SqlVirtualMachine,1.1.0-alpha.20221010.1
azureresourcemanagerredis,[tfm=netstandard2.0;isPrerelease=true]Azure.ResourceManager.Redis,1.0.0-beta.1
azureresourcemanagerguestconfiguration,[tfm=netstandard2.0;isPrerelease=true;customSource=https://pkgs.dev.azure.com/azure-sdk/public/_packaging/azure-sdk-for-net/nuget/v3/index.json]Azure.ResourceManager.GuestConfiguration,1.1.0-alpha.20221011.1
azureresourcemanagerbatch,[tfm=netstandard2.0;isPrerelease=true]Azure.ResourceManager.Batch,1.0.0-beta.2
azureresourcemanagerhybridconnectivity,[tfm=netstandard2.0;isPrerelease=true]Azure.ResourceManager.HybridConnectivity,1.0.0-beta.1
azureresourcemanagernetworkfunction,[tfm=netstandard2.0;isPrerelease=true]Azure.ResourceManager.NetworkFunction,1.0.0-beta.1
azureresourcemanageriothub,[tfm=netstandard2.0;isPrerelease=true;customSource=https://pkgs.dev.azure.com/azure-sdk/public/_packaging/azure-sdk-for-net/nuget/v3/index.json]Azure.ResourceManager.IotHub,1.1.0-alpha.20221010.1
azureanalyticspurviewshare,[tfm=netstandard2.0;isPrerelease=true;customSource=https://pkgs.dev.azure.com/azure-sdk/public/_packaging/azure-sdk-for-net/nuget/v3/index.json]Azure.Analytics.Purview.Share,1.0.3-alpha.20221011.1
azurecommunicationrooms,[tfm=netstandard2.0;isPrerelease=true;customSource=https://pkgs.dev.azure.com/azure-sdk/public/_packaging/azure-sdk-for-net/nuget/v3/index.json]Azure.Communication.Rooms,1.0.0-alpha.20221011.4
azuremessagingwebpubsub,[tfm=netstandard2.0;isPrerelease=true]Azure.Messaging.WebPubSub,1.1.0-beta.1
azureresourcemanagerdeviceprovisioningservices,[tfm=netstandard2.0;isPrerelease=true;customSource=https://pkgs.dev.azure.com/azure-sdk/public/_packaging/azure-sdk-for-net/nuget/v3/index.json]Azure.ResourceManager.DeviceProvisioningServices,1.1.0-alpha.20221011.1
azureresourcemanagerhealthcareapis,[tfm=netstandard2.0;isPrerelease=true;customSource=https://pkgs.dev.azure.com/azure-sdk/public/_packaging/azure-sdk-for-net/nuget/v3/index.json]Azure.ResourceManager.HealthcareApis,1.1.0-alpha.20221011.1
azureresourcemanagerstoragesync,[tfm=netstandard2.0;isPrerelease=true;customSource=https://pkgs.dev.azure.com/azure-sdk/public/_packaging/azure-sdk-for-net/nuget/v3/index.json]Azure.ResourceManager.StorageSync,1.1.0-alpha.20221011.1
azureresourcemanagerlabservices,[tfm=netstandard2.0;isPrerelease=true;customSource=https://pkgs.dev.azure.com/azure-sdk/public/_packaging/azure-sdk-for-net/nuget/v3/index.json]Azure.ResourceManager.LabServices,1.1.0-alpha.20221011.1
azureresourcemanagerdigitaltwins,[tfm=netstandard2.0;isPrerelease=true;customSource=https://pkgs.dev.azure.com/azure-sdk/public/_packaging/azure-sdk-for-net/nuget/v3/index.json]Azure.ResourceManager.DigitalTwins,1.1.0-alpha.20221010.1
azureresourcemanagerservicefabricmanagedclusters,[tfm=netstandard2.0;isPrerelease=true;customSource=https://pkgs.dev.azure.com/azure-sdk/public/_packaging/azure-sdk-for-net/nuget/v3/index.json]Azure.ResourceManager.ServiceFabricManagedClusters,1.1.0-alpha.20221010.1
azureresourcemanagermixedreality,[tfm=netstandard2.0;isPrerelease=true;customSource=https://pkgs.dev.azure.com/azure-sdk/public/_packaging/azure-sdk-for-net/nuget/v3/index.json]Azure.ResourceManager.MixedReality,1.0.0-alpha.20221011.1
azureresourcemanagerkusto,[tfm=netstandard2.0;isPrerelease=true;customSource=https://pkgs.dev.azure.com/azure-sdk/public/_packaging/azure-sdk-for-net/nuget/v3/index.json]Azure.ResourceManager.Kusto,1.1.0-alpha.20221011.1
azureresourcemanageravs,[tfm=netstandard2.0;isPrerelease=true;customSource=https://pkgs.dev.azure.com/azure-sdk/public/_packaging/azure-sdk-for-net/nuget/v3/index.json]Azure.ResourceManager.Avs,1.1.0-alpha.20221011.1
azureresourcemanagerconfluent,[tfm=netstandard2.0;isPrerelease=true;customSource=https://pkgs.dev.azure.com/azure-sdk/public/_packaging/azure-sdk-for-net/nuget/v3/index.json]Azure.ResourceManager.Confluent,1.1.0-alpha.20221011.1
azureresourcemanagerchangeanalysis,[tfm=netstandard2.0;isPrerelease=true;customSource=https://pkgs.dev.azure.com/azure-sdk/public/_packaging/azure-sdk-for-net/nuget/v3/index.json]Azure.ResourceManager.ChangeAnalysis,1.1.0-alpha.20221011.1
azureresourcemanagerdatashare,[tfm=netstandard2.0;isPrerelease=true]Azure.ResourceManager.DataShare,1.0.0-beta.1
azureresourcemanagermarketplace,[tfm=netstandard2.0;isPrerelease=true;customSource=https://pkgs.dev.azure.com/azure-sdk/public/_packaging/azure-sdk-for-net/nuget/v3/index.json]Azure.ResourceManager.Marketplace,1.1.0-alpha.20221011.1
azureresourcemanagerresourcegraph,[tfm=netstandard2.0;isPrerelease=true]Azure.ResourceManager.ResourceGraph,1.0.0-beta.1
azureresourcemanagerorbital,[tfm=netstandard2.0;isPrerelease=true;customSource=https://pkgs.dev.azure.com/azure-sdk/public/_packaging/azure-sdk-for-net/nuget/v3/index.json]Azure.ResourceManager.Orbital,1.1.0-alpha.20221011.1
azureresourcemanagernetapp,[tfm=netstandard2.0;isPrerelease=true]Azure.ResourceManager.NetApp,1.0.0-beta.1
azureresourcemanagertrafficmanager,[tfm=netstandard2.0;isPrerelease=true;customSource=https://pkgs.dev.azure.com/azure-sdk/public/_packaging/azure-sdk-for-net/nuget/v3/index.json]Azure.ResourceManager.TrafficManager,1.1.0-alpha.20221011.1
azureresourcemanagerfrontdoor,[tfm=netstandard2.0;isPrerelease=true;customSource=https://pkgs.dev.azure.com/azure-sdk/public/_packaging/azure-sdk-for-net/nuget/v3/index.json]Azure.ResourceManager.FrontDoor,1.1.0-alpha.20221011.1
azureresourcemanagerpurview,[tfm=netstandard2.0;isPrerelease=true]Azure.ResourceManager.Purview,1.0.0-beta.1
azureresourcemanagerautomation,[tfm=netstandard2.0;isPrerelease=true;customSource=https://pkgs.dev.azure.com/azure-sdk/public/_packaging/azure-sdk-for-net/nuget/v3/index.json]Azure.ResourceManager.Automation,1.0.0-alpha.20221010.1
azureresourcemanagerdatabox,[tfm=netstandard2.0;isPrerelease=true;customSource=https://pkgs.dev.azure.com/azure-sdk/public/_packaging/azure-sdk-for-net/nuget/v3/index.json]Azure.ResourceManager.DataBox,1.1.0-alpha.20221010.1
azureresourcemanagersubscription,[tfm=netstandard2.0;isPrerelease=true;customSource=https://pkgs.dev.azure.com/azure-sdk/public/_packaging/azure-sdk-for-net/nuget/v3/index.json]Azure.ResourceManager.Subscription,1.1.0-alpha.20221010.1
azureresourcemanagerpeering,[tfm=netstandard2.0;isPrerelease=true;customSource=https://pkgs.dev.azure.com/azure-sdk/public/_packaging/azure-sdk-for-net/nuget/v3/index.json]Azure.ResourceManager.Peering,1.1.0-alpha.20221010.1
azureresourcemanagerdataboxedge,[tfm=netstandard2.0;isPrerelease=true]Azure.ResourceManager.DataBoxEdge,1.0.0-beta.1
azureresourcemanagerredisenterprise,[tfm=netstandard2.0;isPrerelease=true;customSource=https://pkgs.dev.azure.com/azure-sdk/public/_packaging/azure-sdk-for-net/nuget/v3/index.json]Azure.ResourceManager.RedisEnterprise,1.1.0-alpha.20221010.1
azureresourcemanagerresourcemover,[tfm=netstandard2.0;isPrerelease=true;customSource=https://pkgs.dev.azure.com/azure-sdk/public/_packaging/azure-sdk-for-net/nuget/v3/index.json]Azure.ResourceManager.ResourceMover,1.1.0-alpha.20221011.1
azureresourcemanagersecuritycenter,[tfm=netstandard2.0;isPrerelease=true]Azure.ResourceManager.SecurityCenter,1.0.0-beta.1
azureresourcemanagerpolicyinsights,[tfm=netstandard2.0;isPrerelease=true;customSource=https://pkgs.dev.azure.com/azure-sdk/public/_packaging/azure-sdk-for-net/nuget/v3/index.json]Azure.ResourceManager.PolicyInsights,1.1.0-alpha.20221011.1
azureresourcemanagersecurityinsights,[tfm=netstandard2.0;isPrerelease=true;customSource=https://pkgs.dev.azure.com/azure-sdk/public/_packaging/azure-sdk-for-net/nuget/v3/index.json]Azure.ResourceManager.SecurityInsights,1.0.0-alpha.20221011.1
azureresourcemanagerhealthbot,[tfm=netstandard2.0;isPrerelease=true]Azure.ResourceManager.Healthbot,1.0.0-beta.1
azureresourcemanagersupport,[tfm=netstandard2.0;isPrerelease=true;customSource=https://pkgs.dev.azure.com/azure-sdk/public/_packaging/azure-sdk-for-net/nuget/v3/index.json]Azure.ResourceManager.Support,1.1.0-alpha.20221010.1
azureresourcemanagermarketplaceordering,[tfm=netstandard2.0;isPrerelease=true;customSource=https://pkgs.dev.azure.com/azure-sdk/public/_packaging/azure-sdk-for-net/nuget/v3/index.json]Azure.ResourceManager.MarketplaceOrdering,1.1.0-alpha.20221010.1
azureresourcemanagersearch,[tfm=netstandard2.0;isPrerelease=true]Azure.ResourceManager.Search,1.0.0-beta.1
azureresourcemanagereventgrid,[tfm=netstandard2.0;isPrerelease=true;customSource=https://pkgs.dev.azure.com/azure-sdk/public/_packaging/azure-sdk-for-net/nuget/v3/index.json]Azure.ResourceManager.EventGrid,1.0.0-alpha.20221010.1
azureresourcemanagerprivatedns,[tfm=netstandard2.0;isPrerelease=true;customSource=https://pkgs.dev.azure.com/azure-sdk/public/_packaging/azure-sdk-for-net/nuget/v3/index.json]Azure.ResourceManager.PrivateDns,1.0.0-alpha.20221011.1
azureresourcemanagermanagedservices,[tfm=netstandard2.0;isPrerelease=true;customSource=https://pkgs.dev.azure.com/azure-sdk/public/_packaging/azure-sdk-for-net/nuget/v3/index.json]Azure.ResourceManager.ManagedServices,1.0.0-alpha.20221010.1
azureresourcemanagerstoragecache,[tfm=netstandard2.0;isPrerelease=true;customSource=https://pkgs.dev.azure.com/azure-sdk/public/_packaging/azure-sdk-for-net/nuget/v3/index.json]Azure.ResourceManager.StorageCache,1.1.0-alpha.20221011.1
azureresourcemanagerdevtestlabs,[tfm=netstandard2.0;isPrerelease=true;customSource=https://pkgs.dev.azure.com/azure-sdk/public/_packaging/azure-sdk-for-net/nuget/v3/index.json]Azure.ResourceManager.DevTestLabs,1.0.0-alpha.20221010.1
azureresourcemanagerconsumption,[tfm=netstandard2.0;isPrerelease=true;customSource=https://pkgs.dev.azure.com/azure-sdk/public/_packaging/azure-sdk-for-net/nuget/v3/index.json]Azure.ResourceManager.Consumption,1.0.0-alpha.20221011.1
azureresourcemanagermaps,[tfm=netstandard2.0;isPrerelease=true;customSource=https://pkgs.dev.azure.com/azure-sdk/public/_packaging/azure-sdk-for-net/nuget/v3/index.json]Azure.ResourceManager.Maps,1.0.0-alpha.20221010.1
azureresourcemanagerbilling,[tfm=netstandard2.0;isPrerelease=true;customSource=https://pkgs.dev.azure.com/azure-sdk/public/_packaging/azure-sdk-for-net/nuget/v3/index.json]Azure.ResourceManager.Billing,1.0.0-alpha.20221011.1
azuremapssearch,[tfm=netstandard2.0;isPrerelease=true]Azure.Maps.Search,1.0.0-beta.1
azuremapscommon,[tfm=netstandard2.0;isPrerelease=true]Azure.Maps.Common,1.0.0-beta.1
azureresourcemanagerappplatform,[tfm=netstandard2.0;isPrerelease=true]Azure.ResourceManager.AppPlatform,1.0.0-beta.1
azureresourcemanagerblueprint,[tfm=netstandard2.0;isPrerelease=true;customSource=https://pkgs.dev.azure.com/azure-sdk/public/_packaging/azure-sdk-for-net/nuget/v3/index.json]Azure.ResourceManager.Blueprint,1.0.0-alpha.20221011.1
azureresourcemanagerautomanage,[tfm=netstandard2.0;isPrerelease=true;customSource=https://pkgs.dev.azure.com/azure-sdk/public/_packaging/azure-sdk-for-net/nuget/v3/index.json]Azure.ResourceManager.Automanage,1.0.0-alpha.20221011.1
azureresourcemanagerattestation,[tfm=netstandard2.0;isPrerelease=true;customSource=https://pkgs.dev.azure.com/azure-sdk/public/_packaging/azure-sdk-for-net/nuget/v3/index.json]Azure.ResourceManager.Attestation,1.0.0-alpha.20221011.1
azureresourcemanagerapplicationinsights,[tfm=netstandard2.0;isPrerelease=true;customSource=https://pkgs.dev.azure.com/azure-sdk/public/_packaging/azure-sdk-for-net/nuget/v3/index.json]Azure.ResourceManager.ApplicationInsights,1.0.0-alpha.20221011.1
azureresourcemanageradvisor,[tfm=netstandard2.0;isPrerelease=true;customSource=https://pkgs.dev.azure.com/azure-sdk/public/_packaging/azure-sdk-for-net/nuget/v3/index.json]Azure.ResourceManager.Advisor,1.0.0-alpha.20221011.1
azureresourcemanagerdatalakestore,[tfm=netstandard2.0;isPrerelease=true]Azure.ResourceManager.DataLakeStore,1.0.0-beta.1
azureresourcemanagerdatadog,[tfm=netstandard2.0;isPrerelease=true]Azure.ResourceManager.Datadog,1.0.0-beta.1
azureresourcemanagerdatalakeanalytics,[tfm=netstandard2.0;isPrerelease=true]Azure.ResourceManager.DataLakeAnalytics,1.0.0-beta.1
azureresourcemanagerchaos,[tfm=netstandard2.0;isPrerelease=true]Azure.ResourceManager.Chaos,1.0.0-beta.1
azureresourcemanagerbotservice,[tfm=netstandard2.0;isPrerelease=true]Azure.ResourceManager.BotService,1.0.0-beta.1
azureresourcemanagercustomerinsights,[tfm=netstandard2.0;isPrerelease=true]Azure.ResourceManager.CustomerInsights,1.0.0-beta.1
azureresourcemanagerdeploymentmanager,[tfm=netstandard2.0;isPrerelease=true;customSource=https://pkgs.dev.azure.com/azure-sdk/public/_packaging/azure-sdk-for-net/nuget/v3/index.json]Azure.ResourceManager.DeploymentManager,1.0.0-alpha.20221010.1
azureresourcemanagerelastic,[tfm=netstandard2.0;isPrerelease=true;customSource=https://pkgs.dev.azure.com/azure-sdk/public/_packaging/azure-sdk-for-net/nuget/v3/index.json]Azure.ResourceManager.Elastic,1.0.0-alpha.20221010.1
azureresourcemanagerdatamigration,[tfm=netstandard2.0;isPrerelease=true;customSource=https://pkgs.dev.azure.com/azure-sdk/public/_packaging/azure-sdk-for-net/nuget/v3/index.json]Azure.ResourceManager.DataMigration,1.0.0-alpha.20221010.1
azureresourcemanagerdevspaces,[tfm=netstandard2.0;isPrerelease=true;customSource=https://pkgs.dev.azure.com/azure-sdk/public/_packaging/azure-sdk-for-net/nuget/v3/index.json]Azure.ResourceManager.DevSpaces,1.0.0-alpha.20221010.1
azureresourcemanagerkubernetes,[tfm=netstandard2.0;isPrerelease=true;customSource=https://pkgs.dev.azure.com/azure-sdk/public/_packaging/azure-sdk-for-net/nuget/v3/index.json]Azure.ResourceManager.Kubernetes,1.0.0-alpha.20221010.1
azureresourcemanageroperationalinsights,[tfm=netstandard2.0;isPrerelease=true;customSource=https://pkgs.dev.azure.com/azure-sdk/public/_packaging/azure-sdk-for-net/nuget/v3/index.json]Azure.ResourceManager.OperationalInsights,1.0.0-alpha.20221010.1
azureresourcemanagermanagednetwork,[tfm=netstandard2.0;isPrerelease=true;customSource=https://pkgs.dev.azure.com/azure-sdk/public/_packaging/azure-sdk-for-net/nuget/v3/index.json]Azure.ResourceManager.ManagedNetwork,1.0.0-alpha.20221010.1
azureresourcemanagerkubernetesconfiguration,[tfm=netstandard2.0;isPrerelease=true;customSource=https://pkgs.dev.azure.com/azure-sdk/public/_packaging/azure-sdk-for-net/nuget/v3/index.json]Azure.ResourceManager.KubernetesConfiguration,1.0.0-alpha.20221010.1
azureresourcemanagermaintenance,[tfm=netstandard2.0;isPrerelease=true;customSource=https://pkgs.dev.azure.com/azure-sdk/public/_packaging/azure-sdk-for-net/nuget/v3/index.json]Azure.ResourceManager.Maintenance,1.0.0-alpha.20221010.1
azureresourcemanagermanagementpartner,[tfm=netstandard2.0;isPrerelease=true;customSource=https://pkgs.dev.azure.com/azure-sdk/public/_packaging/azure-sdk-for-net/nuget/v3/index.json]Azure.ResourceManager.ManagementPartner,1.0.0-alpha.20221010.1
azureresourcemanageragfoodplatform,[tfm=netstandard2.0;isPrerelease=true]Azure.ResourceManager.AgFoodPlatform,1.0.0-beta.1
azureresourcemanagerhybridcompute,[tfm=netstandard2.0;isPrerelease=true;customSource=https://pkgs.dev.azure.com/azure-sdk/public/_packaging/azure-sdk-for-net/nuget/v3/index.json]Azure.ResourceManager.HybridCompute,1.0.0-alpha.20221010.1
azureresourcemanagermachinelearningcompute,[tfm=netstandard2.0;isPrerelease=true;customSource=https://pkgs.dev.azure.com/azure-sdk/public/_packaging/azure-sdk-for-net/nuget/v3/index.json]Azure.ResourceManager.MachineLearningCompute,1.0.0-alpha.20221010.1
azureresourcemanagerrecoveryservicesbackup,[tfm=netstandard2.0;isPrerelease=true;customSource=https://pkgs.dev.azure.com/azure-sdk/public/_packaging/azure-sdk-for-net/nuget/v3/index.json]Azure.ResourceManager.RecoveryServicesBackup,1.0.0-alpha.20221011.1
azureresourcemanagerproviderhub,[tfm=netstandard2.0;isPrerelease=true;customSource=https://pkgs.dev.azure.com/azure-sdk/public/_packaging/azure-sdk-for-net/nuget/v3/index.json]Azure.ResourceManager.ProviderHub,1.0.0-alpha.20221011.1
azureresourcemanagersignalr,[tfm=netstandard2.0;isPrerelease=true;customSource=https://pkgs.dev.azure.com/azure-sdk/public/_packaging/azure-sdk-for-net/nuget/v3/index.json]Azure.ResourceManager.SignalR,1.0.0-alpha.20221011.1
azureresourcemanagerquantum,[tfm=netstandard2.0;isPrerelease=true;customSource=https://pkgs.dev.azure.com/azure-sdk/public/_packaging/azure-sdk-for-net/nuget/v3/index.json]Azure.ResourceManager.Quantum,1.0.0-alpha.20221011.1
azureresourcemanagerrecoveryservicessiterecovery,[tfm=netstandard2.0;isPrerelease=true;customSource=https://pkgs.dev.azure.com/azure-sdk/public/_packaging/azure-sdk-for-net/nuget/v3/index.json]Azure.ResourceManager.RecoveryServicesSiteRecovery,1.0.0-alpha.20221011.1
azureresourcemanagerworkloadmonitor,[tfm=netstandard2.0;isPrerelease=true;customSource=https://pkgs.dev.azure.com/azure-sdk/public/_packaging/azure-sdk-for-net/nuget/v3/index.json]Azure.ResourceManager.WorkloadMonitor,1.0.0-alpha.20221011.1
azureresourcemanagerrecoveryservices,[tfm=netstandard2.0;isPrerelease=true;customSource=https://pkgs.dev.azure.com/azure-sdk/public/_packaging/azure-sdk-for-net/nuget/v3/index.json]Azure.ResourceManager.RecoveryServices,1.0.0-alpha.20221011.1
azureresourcemanagerquota,[tfm=netstandard2.0;isPrerelease=true;customSource=https://pkgs.dev.azure.com/azure-sdk/public/_packaging/azure-sdk-for-net/nuget/v3/index.json]Azure.ResourceManager.Quota,1.0.0-alpha.20221011.1
azureresourcemanagerpowerbidedicated,[tfm=netstandard2.0;isPrerelease=true;customSource=https://pkgs.dev.azure.com/azure-sdk/public/_packaging/azure-sdk-for-net/nuget/v3/index.json]Azure.ResourceManager.PowerBIDedicated,1.0.0-alpha.20221011.1
azureresourcemanagersynapse,[tfm=netstandard2.0;isPrerelease=true;customSource=https://pkgs.dev.azure.com/azure-sdk/public/_packaging/azure-sdk-for-net/nuget/v3/index.json]Azure.ResourceManager.Synapse,1.0.0-alpha.20221011.1
azureresourcemanagerdevcenter,[tfm=netstandard2.0;isPrerelease=true]Azure.ResourceManager.DevCenter,1.0.0-beta.1
azuredataappconfiguration,[tfm=netstandard2.0;isPrerelease=true;customSource=https://pkgs.dev.azure.com/azure-sdk/public/_packaging/azure-sdk-for-net/nuget/v3/index.json]Azure.Data.AppConfiguration,1.3.0-alpha.20221011.1
azuresecurityattestation,[tfm=netstandard2.0;isPrerelease=true;customSource=https://pkgs.dev.azure.com/azure-sdk/public/_packaging/azure-sdk-for-net/nuget/v3/index.json]Azure.Security.Attestation,1.1.0-alpha.20221010.1
azuremixedrealityremoterendering,[tfm=netstandard2.0;isPrerelease=true;customSource=https://pkgs.dev.azure.com/azure-sdk/public/_packaging/azure-sdk-for-net/nuget/v3/index.json]Azure.MixedReality.RemoteRendering,1.2.1-alpha.20221011.1
azurecommunicationchat,[tfm=netstandard2.0;isPrerelease=true;customSource=https://pkgs.dev.azure.com/azure-sdk/public/_packaging/azure-sdk-for-net/nuget/v3/index.json]Azure.Communication.Chat,1.2.0-alpha.20221011.4
azurecommunicationcommon,[tfm=netstandard2.0;isPrerelease=true;customSource=https://pkgs.dev.azure.com/azure-sdk/public/_packaging/azure-sdk-for-net/nuget/v3/index.json]Azure.Communication.Common,1.2.1-alpha.20221011.4
azurecommunicationsms,[tfm=netstandard2.0;isPrerelease=true;customSource=https://pkgs.dev.azure.com/azure-sdk/public/_packaging/azure-sdk-for-net/nuget/v3/index.json]Azure.Communication.Sms,1.0.2-alpha.20221011.4
azurecore,[tfm=netstandard2.0;isPrerelease=true;customSource=https://pkgs.dev.azure.com/azure-sdk/public/_packaging/azure-sdk-for-net/nuget/v3/index.json]Azure.Core,1.26.0-alpha.20221011.1
azurecoreamqp,[tfm=netstandard2.0;isPrerelease=true;customSource=https://pkgs.dev.azure.com/azure-sdk/public/_packaging/azure-sdk-for-net/nuget/v3/index.json]Azure.Core.Amqp,1.3.0-alpha.20221011.1
azuremonitorquery,[tfm=netstandard2.0;isPrerelease=true;customSource=https://pkgs.dev.azure.com/azure-sdk/public/_packaging/azure-sdk-for-net/nuget/v3/index.json]Azure.Monitor.Query,1.2.0-alpha.20221011.1
microsoftazuremessagingeventgridcloudnativecloudevents,[tfm=netstandard2.0;isPrerelease=true;customSource=https://pkgs.dev.azure.com/azure-sdk/public/_packaging/azure-sdk-for-net/nuget/v3/index.json]Microsoft.Azure.Messaging.EventGrid.CloudNativeCloudEvents,1.1.0-alpha.20221011.1
microsoftazurewebjobsextensionseventhubs,[tfm=netstandard2.0;isPrerelease=true;customSource=https://pkgs.dev.azure.com/azure-sdk/public/_packaging/azure-sdk-for-net/nuget/v3/index.json]Microsoft.Azure.WebJobs.Extensions.EventHubs,5.2.0-alpha.20221011.5
microsoftazurecognitiveservicessearchbingwebsearch,[tfm=netstandard2.0;isPrerelease=true;customSource=https://pkgs.dev.azure.com/azure-sdk/public/_packaging/azure-sdk-for-net/nuget/v3/index.json]Microsoft.Azure.CognitiveServices.Search.BingWebSearch,2.1.0-alpha.20221011.1
microsoftazurecognitiveservicesvisioncustomvisionprediction,[tfm=netstandard2.0;isPrerelease=true;customSource=https://pkgs.dev.azure.com/azure-sdk/public/_packaging/azure-sdk-for-net/nuget/v3/index.json]Microsoft.Azure.CognitiveServices.Vision.CustomVision.Prediction,2.0.0-alpha.20221011.1
microsoftazureeventgrid,[tfm=netstandard2.0;isPrerelease=true;customSource=https://pkgs.dev.azure.com/azure-sdk/public/_packaging/azure-sdk-for-net/nuget/v3/index.json]Microsoft.Azure.EventGrid,3.3.0-alpha.20221011.1
azureresourcemanagerenergyservices,[tfm=netstandard2.0;isPrerelease=true;customSource=https://pkgs.dev.azure.com/azure-sdk/public/_packaging/azure-sdk-for-net/nuget/v3/index.json]Azure.ResourceManager.EnergyServices,1.0.0-alpha.20221011.1
azurecommunicationshortcodes,[tfm=netstandard2.0;isPrerelease=true;customSource=https://pkgs.dev.azure.com/azure-sdk/public/_packaging/azure-sdk-for-net/nuget/v3/index.json]Azure.Communication.ShortCodes,1.0.0-alpha.20221011.4
azureiothubservice,[tfm=netstandard2.0;isPrerelease=true;customSource=https://pkgs.dev.azure.com/azure-sdk/public/_packaging/azure-sdk-for-net/nuget/v3/index.json]Azure.IoT.Hub.Service,1.0.0-alpha.20221010.1
systemmemorydata,[tfm=netstandard2.0;isPrerelease=true;customSource=https://pkgs.dev.azure.com/azure-sdk/public/_packaging/azure-sdk-for-net/nuget/v3/index.json]System.Memory.Data,1.1.0-alpha.20221011.1
microsoftazurecognitiveservicessearchbingcustomsearch,[tfm=netstandard2.0;isPrerelease=true;customSource=https://pkgs.dev.azure.com/azure-sdk/public/_packaging/azure-sdk-for-net/nuget/v3/index.json]Microsoft.Azure.CognitiveServices.Search.BingCustomSearch,2.1.0-alpha.20221011.1
microsoftazurecognitiveservicessearchbingimagesearch,[tfm=netstandard2.0;isPrerelease=true;customSource=https://pkgs.dev.azure.com/azure-sdk/public/_packaging/azure-sdk-for-net/nuget/v3/index.json]Microsoft.Azure.CognitiveServices.Search.BingImageSearch,2.1.0-alpha.20221011.1
azurecommunicationalphaids,[tfm=netstandard2.0;isPrerelease=true;customSource=https://pkgs.dev.azure.com/azure-sdk/public/_packaging/azure-sdk-for-net/nuget/v3/index.json]Azure.Communication.AlphaIds,1.0.0-alpha.20221011.4
azurecommunicationmediacomposition,[tfm=netstandard2.0;isPrerelease=true;customSource=https://pkgs.dev.azure.com/azure-sdk/public/_packaging/azure-sdk-for-net/nuget/v3/index.json]Azure.Communication.MediaComposition,1.0.0-alpha.20221011.4
microsoftazurewebjobsextensionsauthenticationevents,[tfm=netstandard2.0;isPrerelease=true;customSource=https://pkgs.dev.azure.com/azure-sdk/public/_packaging/azure-sdk-for-net/nuget/v3/index.json]Microsoft.Azure.WebJobs.Extensions.AuthenticationEvents,1.0.0-alpha.20221011.1
azureresourcemanagerdataprotectionbackup,[tfm=netstandard2.0;isPrerelease=true;customSource=https://pkgs.dev.azure.com/azure-sdk/public/_packaging/azure-sdk-for-net/nuget/v3/index.json]Azure.ResourceManager.DataProtectionBackup,1.0.0-alpha.20221011.2
microsoftazurecognitiveservicessearchbingcustomimagesearch,[tfm=netstandard2.0;isPrerelease=true;customSource=https://pkgs.dev.azure.com/azure-sdk/public/_packaging/azure-sdk-for-net/nuget/v3/index.json]Microsoft.Azure.CognitiveServices.Search.BingCustomImageSearch,2.1.0-alpha.20221011.1
microsoftazurecognitiveserviceslanguagespellcheck,[tfm=netstandard2.0;isPrerelease=true;customSource=https://pkgs.dev.azure.com/azure-sdk/public/_packaging/azure-sdk-for-net/nuget/v3/index.json]Microsoft.Azure.CognitiveServices.Language.SpellCheck,4.1.0-alpha.20221011.1
microsoftazurecognitiveserviceslanguagetextanalytics,[tfm=netstandard2.0;isPrerelease=true;customSource=https://pkgs.dev.azure.com/azure-sdk/public/_packaging/azure-sdk-for-net/nuget/v3/index.json]Microsoft.Azure.CognitiveServices.Language.TextAnalytics,4.1.0-alpha.20221011.1
microsoftazurebatch,[tfm=netstandard2.0;isPrerelease=true;customSource=https://pkgs.dev.azure.com/azure-sdk/public/_packaging/azure-sdk-for-net/nuget/v3/index.json]Microsoft.Azure.Batch,15.4.0-alpha.20221011.1
microsoftazurecognitiveservicessearchbingnewssearch,[tfm=netstandard2.0;isPrerelease=true;customSource=https://pkgs.dev.azure.com/azure-sdk/public/_packaging/azure-sdk-for-net/nuget/v3/index.json]Microsoft.Azure.CognitiveServices.Search.BingNewsSearch,2.1.0-alpha.20221011.1
azurecommunicationcallautomation,[tfm=netstandard2.0;isPrerelease=true;customSource=https://pkgs.dev.azure.com/azure-sdk/public/_packaging/azure-sdk-for-net/nuget/v3/index.json]Azure.Communication.CallAutomation,1.0.0-alpha.20221011.4
microsoftazureeventhubsprocessor,[tfm=netstandard2.0;isPrerelease=true;customSource=https://pkgs.dev.azure.com/azure-sdk/public/_packaging/azure-sdk-for-net/nuget/v3/index.json]Microsoft.Azure.EventHubs.Processor,4.4.0-alpha.20221011.1
microsoftazureservicebus,[tfm=netstandard2.0;isPrerelease=true;customSource=https://pkgs.dev.azure.com/azure-sdk/public/_packaging/azure-sdk-for-net/nuget/v3/index.json]Microsoft.Azure.ServiceBus,5.3.0-alpha.20221011.1
microsoftazurecognitiveservicessearchbingentitysearch,[tfm=netstandard2.0;isPrerelease=true;customSource=https://pkgs.dev.azure.com/azure-sdk/public/_packaging/azure-sdk-for-net/nuget/v3/index.json]Microsoft.Azure.CognitiveServices.Search.BingEntitySearch,2.1.0-alpha.20221011.1
microsoftazureeventhubsservicefabricprocessor,[tfm=netstandard2.0;isPrerelease=true;customSource=https://pkgs.dev.azure.com/azure-sdk/public/_packaging/azure-sdk-for-net/nuget/v3/index.json]Microsoft.Azure.EventHubs.ServiceFabricProcessor,0.5.6-alpha.20221011.1
microsoftazureeventhubs,[tfm=netstandard2.0;isPrerelease=true;customSource=https://pkgs.dev.azure.com/azure-sdk/public/_packaging/azure-sdk-for-net/nuget/v3/index.json]Microsoft.Azure.EventHubs,4.4.0-alpha.20221011.1
microsoftazurebatchconventionsfiles,[tfm=netstandard2.0;isPrerelease=true;customSource=https://pkgs.dev.azure.com/azure-sdk/public/_packaging/azure-sdk-for-net/nuget/v3/index.json]Microsoft.Azure.Batch.Conventions.Files,4.1.0-alpha.20221011.1
azureresourcemanagerelasticsan,[tfm=netstandard2.0;isPrerelease=true;customSource=https://pkgs.dev.azure.com/azure-sdk/public/_packaging/azure-sdk-for-net/nuget/v3/index.json]Azure.ResourceManager.ElasticSan,1.0.0-alpha.20221011.1
microsoftazurebatchfilestaging,[tfm=netstandard2.0;isPrerelease=true;customSource=https://pkgs.dev.azure.com/azure-sdk/public/_packaging/azure-sdk-for-net/nuget/v3/index.json]Microsoft.Azure.Batch.FileStaging,9.1.0-alpha.20221011.1
microsoftazureattestation,[tfm=netstandard2.0;isPrerelease=true;customSource=https://pkgs.dev.azure.com/azure-sdk/public/_packaging/azure-sdk-for-net/nuget/v3/index.json]Microsoft.Azure.Attestation,0.10.0-alpha.20221010.1
microsoftazurecognitiveservicesvisioncomputervision,[tfm=netstandard2.0;isPrerelease=true;customSource=https://pkgs.dev.azure.com/azure-sdk/public/_packaging/azure-sdk-for-net/nuget/v3/index.json]Microsoft.Azure.CognitiveServices.Vision.ComputerVision,7.1.0-alpha.20221011.1
microsoftazurecognitiveservicessearchbingvideosearch,[tfm=netstandard2.0;isPrerelease=true;customSource=https://pkgs.dev.azure.com/azure-sdk/public/_packaging/azure-sdk-for-net/nuget/v3/index.json]Microsoft.Azure.CognitiveServices.Search.BingVideoSearch,2.1.0-alpha.20221011.1
microsoftazurecognitiveservicessearchbinglocalsearch,[tfm=netstandard2.0;isPrerelease=true;customSource=https://pkgs.dev.azure.com/azure-sdk/public/_packaging/azure-sdk-for-net/nuget/v3/index.json]Microsoft.Azure.CognitiveServices.Search.BingLocalSearch,1.0.0-alpha.20221011.1
microsoftazurecognitiveservicesvisioncontentmoderator,[tfm=netstandard2.0;isPrerelease=true;customSource=https://pkgs.dev.azure.com/azure-sdk/public/_packaging/azure-sdk-for-net/nuget/v3/index.json]Microsoft.Azure.CognitiveServices.Vision.ContentModerator,2.1.0-alpha.20221011.1
azuremessagingeventhubsexperimental,[tfm=netstandard2.0;isPrerelease=true;customSource=https://pkgs.dev.azure.com/azure-sdk/public/_packaging/azure-sdk-for-net/nuget/v3/index.json]Azure.Messaging.EventHubs.Experimental,0.1.0-alpha.20221011.5
microsoftazurecognitiveservicessearchbingautosuggest,[tfm=netstandard2.0;isPrerelease=true;customSource=https://pkgs.dev.azure.com/azure-sdk/public/_packaging/azure-sdk-for-net/nuget/v3/index.json]Microsoft.Azure.CognitiveServices.Search.BingAutoSuggest,2.1.0-alpha.20221011.1
microsoftazuregraphrbac,[tfm=netstandard2.0;isPrerelease=true;customSource=https://pkgs.dev.azure.com/azure-sdk/public/_packaging/azure-sdk-for-net/nuget/v3/index.json]Microsoft.Azure.Graph.RBAC,3.8.0-alpha.20221011.1
azurecommunicationjobrouter,[tfm=netstandard2.0;isPrerelease=true;customSource=https://pkgs.dev.azure.com/azure-sdk/public/_packaging/azure-sdk-for-net/nuget/v3/index.json]Azure.Communication.JobRouter,1.0.0-alpha.20221011.4
microsoftazurecognitiveservicessearchbingvisualsearch,[tfm=netstandard2.0;isPrerelease=true;customSource=https://pkgs.dev.azure.com/azure-sdk/public/_packaging/azure-sdk-for-net/nuget/v3/index.json]Microsoft.Azure.CognitiveServices.Search.BingVisualSearch,2.1.0-alpha.20221011.1
azureiottimeseriesinsights,[tfm=netstandard2.0;isPrerelease=true;customSource=https://pkgs.dev.azure.com/azure-sdk/public/_packaging/azure-sdk-for-net/nuget/v3/index.json]Azure.IoT.TimeSeriesInsights,1.0.0-alpha.20221011.1
